ID,year,goldQuill,author1,author2,author3,author4,author5,author6,author7,author8,author9,author10,stateLead,instAuthor1,instAuthor2,instAuthor3,instAuthor4,instAuthor5,instAuthor6,instAuthor7,instAuthor8,instAuthor9,instAuthor10,currentInstAuthor1,currentInstAuthor2,currentInstAuthor3,currentInstAuthor4,currentInstAuthor5,currentInstAuthor6,currentInstAuthor7,currentInstAuthor8,currentInstAuthor9,currentInstAuthor10,Title,Topic,pp
4,1998-99,0,Allison,Peterson,Witt,,,,,,,,,,,,,,,,,,,,,,,,,,,,,Economic Handling Disposition and Use of Animal and Poultry Manures,livestock,
15,1998-99,0,Barnard,Boehlje,,,,,,,,,,,,,,,,,,,,,,,,,,,,,,The Financial Troubleshooting of Farm Businesses: A Diagnostic and Evaluation System (DES),finance,
24,1998-99,0,Barry,Sotomayor,Moss,,,,,,,,,,,,,,,,,,,,,,,,,,,,,Professional Farm Managers' Views on Leasing Contracts and Land Control: An Illinois Perspective,farmland,
37,1998-99,0,Bechtel,Young,Hinman,,,,,,,,,,,,,,,,,,,,,,,,,,,,,Is Whole-Farm Analysis Important in Marginal Land-Use Decisions? A CRP Bid Example,planning,
71,1998-99,0,Coghill,Brown,,,,,,,,,,,,,,,,,,,,,,,,,,,,,,"The Economic Production Potential of the Beef Cow Herd in Saskatchewan, Canada",livestock,
75,1998-99,0,Cotton,Langemeier,Featherstone,,,,,,,,KS,Kansas State,Kansas State,Kansas State,,,,,,,,,,,,,,,,,,Effects of Weather on Multi-Output Efficiency of Kansas Farms,risk,
78,1998-99,0,Dalsted,,,,,,,,,,,,,,,,,,,,,,,,,,,,,,,Chapter 12 Bankruptcy-An Update,policy,
82,1998-99,0,Davis,Patrick,,,,,,,,,,,,,,,,,,,,,,,,,,,,,,What Influences Off-Farm Investments of Large-Scale Crop Producers?,investment,
89,1998-99,0,DeVuyst,Ibendahl,Lins,,,,,,,,,,,,,,,,,,,,,,,,,,,,,Farm Transfers and Environmental Liability,policy,
142,1998-99,0,Flaskerud,,,,,,,,,,,,,,,,,,,,,,,,,,,,,,,Impact of Stocks and Prices on Basis for Wheat ,marketing,
160,1998-99,0,Govindasamy,Italia,,,,,,,,,,,,,,,,,,,,,,,,,,,,,,Identifying the Market Environment and Consumer Attitudes Facing the Introduction of Integrated Pest Management Produce,marketing,
232,1998-99,0,Langemeier,Haley,DeLano,,,,,,,,KS,Kansas State,,Kansas State,,,,,,,,,,,,,,,,,,The Determinants of Wheat Profitability in Kansas ,crops,
243,1998-99,0,Lawrence,Shaffer,Hallam,Baas,,,,,,,,,,,,,,,,,,,,,,,,,,,,Factors Impacting Production and Economic Variability in Traditional Midwest Swine Enterprises,livestock,
249,1998-99,0,Libbin,Hawkes,Byerly,,,,,,,,,,,,,,,,,,,,,,,,,,,,,Valuing Permanent Pasture in New Mexico,farmland,
263,1998-99,0,McLeod,Miller,Perry,,,,,,,,,,,,,,,,,,,,,,,,,,,,,Opportunities for Efficient Agricultural Policy and Producer Decision Making: A Comparison of the Returns to Oregon Dryland Wheat Production With Conservation Reserve Program Payments,policy,
281,1998-99,0,O'Neill,Held,Menkhaus,,,,,,,,,,,,,,,,,,,,,,,,,,,,,Importance of Timing Cowherd Expansion and Pre-Expansion Financial Conditions,livestock,
409,1998-99,0,Zulauf,Goodbar,Irwin,Leeds,,,,,,,,,,,,,,,,,,,,,,,,,,,,"A Case Study of the General Principles of Corn Storage: Ohio Corn, 1964-1997 Crop Years",marketing,
13,2019,0,Bampasidou,Salassi,,,,,,,,,LA,Louisiana State,Louisiana State,,,,,,,,,,,,,,,,,,,Agricultural Labor Trends: Considerations for Farm Operators and Managers,human,
48,2019,0,Boerngen,,,,,,,,,,IL,Ilinois State,,,,,,,,,,,,,,,,,,,,Effectiveness of Paperless Communication from the USDA Farm Service Agency,policy,
55,2019,0,Briggeman,Dikeman,Yeager,Reid,,,,,,,KS,Kansas State,Kansas State,Kansas State,Kansas State,,,,,,,,,,,,,,,,,A ProfitLink Decision Tree for Farm Financial Managers,finance,
67,2019,0,Carls,Ibendahl,Griffin,Yeager,,,,,,,KS,Kansas State,Kansas State,Kansas State,Kansas State,,,,,,,,,,,,,,,,,Factors Affecting Net Farm Income for Row Crop Production in Kansas,crops,
68,2019,0,Carson,Langemeier,,,,,,,,,IN,Purdue,Purdue,,,,,,,,,,,,,,,,,,,Relationship between Cash Rent and Net Return to Land in Indiana,farmland,
69,2019,0,Chatterjee,Dinar,Gonzalez-Rivera,,,,,,,,MD,private sector,California Riverside,California Riverside,,,,,,,,,,,,,,,,,,Impact of Agricultural Extension on Irrigated Agriculture Production and Water Use in California,human,
70,2019,0,Claudia Sant'Anna,Katchova,,,,,,,,,OH,Ohio State,Ohio State,,,,,,,,,,,,,,,,,,,The Impact of Bank Concentration on Land Values,finance,
92,2019,0,Diersen,Fausti,,,,,,,,,SD,South Dakota State,California State,,,,,,,,,,,,,,,,,,,"Feedlot Size, Backgrounding Behavior, and Management Practices",livestock,
96,2019,0,Doster,Ibendahl,Thompson,Mark,,,,,,,In,Purdue,Kansas State,Purdue,Kentucky,,,,,,,,,,,,,,,,,Surprise Moment Management,human,
123,2019,0,Escalante,Williams,Rusiana,Pena-Levano,,,,,,,GA,Georgia,Georgia,Georgia,Florida,,,,,,,,,,,,,,,,,Costly Foreign Farm Replacement Workers and the Need for H-2A Reforms,human,
165,2019,0,Grant,Zhang,,,,,,,,,IA,Iowa State,Iowa State,,,,,,,,,,,,,,,,,,,Enterpreneurs and Start-ups in the Agricultural Industry,human,
209,2019,0,Ibendahl,,,,,,,,,,KS,Kansas State,,,,,,,,,,,,,,,,,,,,An Examination of Family Living and Non-Farm Income for Kansas Farms,finance,
210,2019,0,Ifft,Gao,,,,,,,,,NY,Cornell,Cornell,,,,,,,,,,,,,,,,,,,Old Order Amish Settlements and New York Farmland Markets,human,
269,2019,0,Minnix,Yeager,,,,,,,,,KS,Kansas State,Kansas State,,,,,,,,,,,,,,,,,,,Kansas Wheat Basis Expectations During Periods of Nonconvergence,marketing,
299,2019,1,Paulson,Schnitkey,Lattz,,,,,,,,IL,Illinois,Illinois,Illinois,,,,,,,,,,,,,,,,,,The Persistence of Grain Farm Returns in Illinois,crops,
308,2019,0,Plastina,,,,,,,,,,IA,Iowa State,,,,,,,,,,,,,,,,,,,,Declining Liquidity in Iowa Farms: 2014-2017,finance,
345,2019,0,Seamon,Sullivan,Umubyeyi,,,,,,,,IL,private sector,private sector,private sector,,,,,,,,,,,,,,,,,,Regional and Seasonal Differences in Feeder Cattle Basis,livestock,
28,2018,0,Bastian,Ritten,Feuz,Nagler,Smutko,,,,,,WY,Wyoming,Wyoming,Wyoming,Wyoming,Wyoming,,,,,,Wyoming,Wyoming,Wyoming,Wyoming,Wyoming,,,,,,Can Producers Bargain for Better Prices? Implications from Wyoming Focus Groups,marketing,
29,2018,0,Bastian,Ritten,Derner,,,,,,,,WY,Wyoming,Wyoming,private sector,,,,,,,,Wyoming,Wyoming,private sector,,,,,,,,Ranch Profitability Given Increased Precipitation Variability and Flexible Shocking,livestock,
31,2018,0,Batte,Dick,Fausey,Flanagan,Gonzalez,Islam,Reeder,VanToai,Watts,,KY,Kentucky,Ohio State,retired,private sector,private sector,Ohio State,Ohio State,retired,private sector,,Kentucky,Ohio State,retired,private sector,private sector,Ohio State,Ohio State,retired,private sector,,Cover Crops and Gypsum Applications: Soybean and Corn Yield and Profitability Impacts,crops,
56,2018,0,Brooks,Walters,Parsons,Ramirez,Tassell,Lubben,Aiken,,,,NE,Nebraska,Nebraska,Nebraska,Nebraska,Nebraska,Nebraska,Nebraska,,,,Nebraska,Nebraska,Nebraska,Nebraska,Nebraska,Nebraska,,,,,Characteristics Contributing to Nebraska Farm and Ranch Financial Stress,finance,
65,2018,0,Cai,Cosgrove,Paul,,,,,,,,CA ,Cal Poly,Cal Poly,private sector,,,,,,,,Cal Poly,Cal Poly,private sector,,,,,,,,Assessing the Investment Prospect of Farmland: Evidence from California,farmland,
81,2018,0,Davis,Mark,Shepherd,,,,,,,,KY,Kentucky,Kentucky,Kentucky,,,,,,,,Kentucky,Kentucky,Kentucky,,,,,,,,Simulating the Value of Crop Insurance and Pre-Harvest Marketing,risk,
239,2018,0,Langemeier,,,,,,,,,,IN,Purdue,,,,,,,,,,Purdue,,,,,,,,,,Labor Efficiency and Productivity Benchmarks,human,
240,2018,0,Larsen,Feuz,,,,,,,,,UT,Utah State,Oklahoma State,,,,,,,,,Utah State,Oklahoma State,,,,,,,,,Grazing Fee Policy Changes Impact Sheep Producer's Profitability,policy,
255,2018,0,LM Elliott,Saleh,MS Elliott,,,,,,,,SD,South Dakota State,South Dakota State,South Dakota State,,,,,,,,South Dakota State,South Dakota State,South Dakota State,,,,,,,,Can Camelina and Carinata Be Profitable in South Dakota?,crops,
307,2018,0,Plastina,Liu,Sawadgo,Miguez,Carlson,,,,,,IA,Iowa State,Iowa State,Iowa State,Iowa State,private sector,,,,,,Iowa State,Iowa State,Iowa State,Iowa State,private sector,,,,,,Partial Budgets for Cover Crops in Midwest Row Crop Farming,crops,
347,2018,1,Shockley,Dvorak,Mason,McNeill,,,,,,,KY,Kentucky,Kentucky,Kentucky,Kentucky,,,,,,,Kentucky,Kentucky,Kentucky,Kentucky,,,,,,,The Process and Lessons Learned from Developing a Farm Management Mobile App - A Case Study of Grain Transportation,technology,
396,2018,0,Wendong Zhang,Wei Zhang,Hart,,,,,,,,IA,Iowa State,Iowa State,Iowa State,,,,,,,,Iowa State,Iowa State,Iowa State,,,,,,,,Are Agricultural Professionals' Farmland Value and Crop Price Forecasts Consistent?,farmland,
405,2018,0,Wright,Griffin,Guha,Bouldin,,,,,,,AR,Arkansas State,Kansas State,Arkansas State,Arkansas State,,,,,,,private sector,Kansas State,Arkansas State,Arkansas State,,,,,,,Economic Investigation of Crop Selection in the Southern Mississippi River Basin,crops,
10,2017,0,Bacon,Cunningham,Franken,,,,,,,,IL,Western Illinois,Colorado State,Western Illinois,,,,,,,,Western Illinois,Colorado State,Western Illinois,,,,,,,,Valuing Herd Bull Characteristics: Evidence from Illinois Auction Data,livestock,
22,2017,1,Barnard,Yeager,,,,,,,,,IN,Purdue,Kansas State,,,,,,,,,Purdue,Kansas State,,,,,,,,,Evaluating Effectiveness of Operating Strategies and Loan Term Repayment Capacity,finance,
83,2017,0,Davis,Shepherd,Mark ,,,,,,,,KY,Kentucky,Kentucky,Kentucky,,,,,,,,Kentucky,Kentucky,Kentucky,,,,,,,,Managing Costs and Liquidity During Low Commodity Prices,finance,
136,2017,0,Flanders,,,,,,,,,,AR,Arkansas,,,,,,,,,,Arkansas,,,,,,,,,,Equilibrium Analysis of Stocks-to-Use and Price for Long-Grain Rice,marketing,
161,2017,0,Govindasamy,Kelley,Simon,,,,,,,,NJ,Rutgers,Penn State,Rutgers,,,,,,,,Rutgers,Penn State,Rutgers,,,,,,,,Ethnic Greens and Herbs,crops,
256,2017,0,Lopez-Mathamba,Pena-Levano,Thome-Ortiz,Escalante,,,,,,,Mexico,UAEM,UAEM,Purdue,Georgia,,,,,,,UAEM,UAEM,Purdue,Georgia,,,,,,,Matlatzinca Interpretive Path and Food Landscape (MIP) Social Touristic Project,policy,
268,2017,0,Miller,Boumtje,Johnson,,,,,,,,AR,Southern Arkansas,Southern Arkansas,private sector,,,,,,,,Southern Arkansas,Southern Arkansas,private sector,,,,,,,,Investment Analysis for Commercial Greenhouse Hydroponically Produced Lettuce and Tomato,finance,
279,2017,0,O'Brien,Yeager,,,,,,,,,KS,Kansas State,Kansas State,,,,,,,,,Kansas State,Kansas State,,,,,,,,,Reductions in Working Capital and Resulting Burn Rates for Producers,finance,
292,2017,0,Parvez,Chowdhury,Smart,Stover,Janssen,,,,,,ND,North Dakota State,North Dakota State,South Dakota State,South Dakota State,South Dakota State,,,,,,North Dakota State,North Dakota State,South Dakota State,South Dakota State,South Dakota State,,,,,,Conservation Attitudes and Satisfaction on Agro-Environmental Conditions of South Dakota: A study of Landowners' Perceptions,policy,
303,2017,0,Pena-Levano,Escalante,Felix,,,,,,,,IN,Purdue,Georgia,private sector,,,,,,,,Purdue,Georgia,private sector,,,,,,,,FARM-STPACK: A Financial Analysis Tool for Small-farm Peruvian Farmers,finance,
395,2017,0,Wendong Zhang,Duffy,,,,,,,,,IA,Iowa State,Iowa State,,,,,,,,,Iowa State,Iowa State,,,,,,,,,Land Quality Perceptions in Expert Opinion Surveys: Evidence from Iowa,farmland,
110,2016,0,Edwards,,,,,,,,,,IA,Iowa State,,,,,,,,,,,,,,,,,,,,Have Farm Custom Rates Kept Pace with Machinery Costs?,machinery,
168,2016,1,Griffin,Mark,Ferrell,Janzen,Ibendahl,Bennett,Maurer,Shanoyan,,,KS,Kansas State,Kentucky,Oklahoma State,private sector,Kansas State,Kansas State,Kansas State,Kansas State,,,Kansas State,Kentucky,Oklahoma State,private sector,Kansas State,Kansas State,Kansas State,Kansas State,,,Big Data Considerations for Rural Property Professionals,technology,
172,2016,0,Guerrero,Amosson,Almas,Marek,Porter,,,,,,TX,West Texas A&M,Texas A&M,Texas A&M,Texas A&M,Texas A&M,,,,,,,,,,,,,,,,Economic Feasibility of Converting Center Pivot Irrigation to Subsurface Drip Irrigation,technology,
208,2016,0,Ibendahl,,,,,,,,,,KS,Kansas State,,,,,,,,,,,,,,,,,,,,Using Solvency Ratios to Predict Future Profitability,finance,
211,2016,0,Ireland-Otto,Ciampitti,Blanks,Burton,Balthazor,,,,,,KS,Kansas State,Kansas State,Kansas State,Kansas State,Kansas State,,,,,,,,,,,,,,,,Costs of Using Unmanned Aircraft on Crop Farms,technology,
282,2016,0,Osti,Gillespie,Nyaupane,McMillin,,,,,,,LA,Louisiana State,Louisiana State,private sector,Louisiana State,,,,,,,,,,,,,,,,,"Meat Goat Production in the United States: Adoption of Technologies, Management Practices, and Production Systems",livestock,
298,2016,0,Paulson,Schnitkey,Coppess,Zulauf,,,,,,,IL,Illinois,Illinois,Illinois,Ohio State,,,,,,,,,,,,,,,,,An Overview of the Decisions and Changes Made in the 2014 Farm Bill,policy,
316,2016,0,Qushim,Gillespie,McMillin,,,,,,,,LA,Louisiana State,Louisiana State,Louisiana State,,,,,,,,,,,,,,,,,,Analyzing the Costs and Returns of US Meat Goat Farms,livestock,
325,2016,0,Ringelberg,Gunderson,Widmar,,,,,,,,IN,Purdue,Purdue,Purdue,,,,,,,,,,,,,,,,,,Strategies and Time Allocation of Large Commerical Agricultural Producers,human,
331,2016,0,Ruff,Peck,Bastian,Cook,,,,,,,KS,Kansas State,Wyoming,Wyoming,Texas A&M,,,,,,,,,,,,,,,,,Economics of Transitioning from a Cow-Calf-Yearling Operation to a Stocker Operation,livestock,
348,2016,0,Shockley,Osborne,Dillon,Pierce,,,,,,,KY,Kentucky,Kentucky,Kentucky,Kentucky,,,,,,,,,,,,,,,,,A Two-Tiered Benchmarking Analysis for Cost Management,finance,
356,2016,0,Smith,Dhuyvetter,,,,,,,,,KS,Fort Hays,private sector,,,,,,,,,,,,,,,,,,,Determining the Economically Optimal Level of Control on Sprayers and Planters,machinery,
394,2016,0,Ward,Roe,Batte,,,,,,,,OH,Ohio State,Ohio State,Kentucky,,,,,,,,,,,,,,,,,,Potential Profitability of Strip Intercropping with Corn and Soybeans,crops,
399,2016,0,Williams,Brammer,Llewelyn,Bergtold,,,,,,,KS,Kansas State,Kansas State,Kansas State,Kansas State,,,,,,,retired,,Kansas State,Kansas State,,,,,,,An Economic Analysis of Harvesting Biomass from Sorghums and Corn,crops,
21,2015,0,Barnard,Yeager,,,,,,,,,IN,Purdue,Kansas State,,,,,,,,,,,,,,,,,,,"Access to Agricultural Banks in Rural Counties in the Face of Changing Demographics, Evolving Social Preferences, and Increasing Bank Regulations",policy,
32,2015,0,Batte,Forster,,,,,,,,,KY,Kentucky,Ohio State,,,,,,,,,,,,,,,,,,,Old is New Again: The Economics of Agricultural Gypsum Use,crops,
167,2015,0,Griffin,Ibendahl,Mark,,,,,,,,KS,Kansas State,Kansas State,Kentucky,,,,,,,,,,,,,,,,,,How Spatially Clustered are State-level Farmland Values,farmland,
187,2015,0,Hauger,Burton,,,,,,,,,KS,Kansas State,Kansas State,,,,,,,,,,,,,,,,,,,What to Do with a Gift of Farmland,farmland,
207,2015,0,Ibendahl,,,,,,,,,,KS,Kansas State,,,,,,,,,,,,,,,,,,,,The Effects of Machinery Costs on Net Farm Income,machinery,
229,2015,0,Lacy,Pruitt,Hancock,,,,,,,,MS,Mississippi State,Louisiana State,Georgia,,,,,,,,,,,,,,,,,,Economic Returns and Risk Analysis of Forage Wrapping Technologies,technology,
244,2015,0,Lee,Ritten,Bastian,Kniss,,,,,,,WY,Wyoming,Wyoming,Wyoming,Wyoming,,,,,,,,,,,,,,,,,Profitability of Glyphosate-Resistant Sugarbeet Production in Whole Farm Systems,crops,
288,2015,1,Painter,,,,,,,,,,Canada,Saskatchewan,,,,,,,,,,Saskatchewan,,,,,,,,,,Assessing the Required Risk Premium for North American Farmland Investment,farmland,
295,2015,0,Paulson,Kuethe,,,,,,,,,IL,Illinois,Illinois,,,,,,,,,,,,,,,,,,,Trends in Farm Size and Potential Demand for Farm Management Association Services,human,
334,2015,0,Salassi,Deliberto,Falconer,,,,,,,,LA,Louisiana State,Louisiana State,Mississippi State,,,,,,,,,,,,,,,,,,Comparative Costs of Onboard Module Building Cotton Harvest Systems in the Mid-South,machinery,
371,2015,0,Swanepoel,Hadrich,Goemans,,,,,,,,CO,Colorado State,Colorado State,Colorado State,,,,,,,,,,,,,,,,,,"Estimating the Contribution of Groundwater Irrigation to Farmland Values in Phillips County, Colorado",farmland,
381,2015,0,Taylor,Schurle,Rundel,Wilson,,,,,,,KS ,Kansas State,Kansas State,Kansas State,private sector,,,,,,,,,,,,,,,,,Determining Land Values Using Ordinary Least Squares Regression,farmland,
20,2014,0,Barnard,Yeager,,,,,,,,,IN,Purdue,Purdue,,,,,,,,,Kansas State,Purdue,,,,,,,,,"Impacts of Lower, More Volatile Net Farm Incomes, and Higher Interest Rates on Repayment Risk",risk,
38,2014,0,Becot,Conner,Kolodinsky,Mendez,,,,,,,VE,Vermont,Vermont,Vermont,Vermont,,,,,,,,,,,,,,,,,Measuring the Costs of Production and Pricing on Diversified Farms: Juggling Decisions Amidst Uncertainties,risk,
50,2014,0,Boyer,Griffith,Roberts,Hubert,Savoy,Leib,,,,,TN,Tennessee,Tennessee,Tennessee,Tennessee,Tennessee,,,,,,,,,,,,,,,,Managing Nitrate Levels in Bermudagrass Hay: Implications for Net Returns,crops,
58,2014,0,Burdine,Halich,,,,,,,,,KY,Kentucky,Kentucky,,,,,,,,,,,,,,,,,,,Payout Analysis of Livestock Risk Protection Insurance for Feeder Cattle,livestock,
76,2014,0,Dalsted,Peterson,,,,,,,,,CO,Colorado State,private sector,,,,,,,,,,,,,,,,,,,Estate Planning- Purposes and Techniques,planning,
125,2014,0,Falconer,Walker,Richardson,,,,,,,,MS,Mississippi State,private sector,Texas A&M,,,,,,,,,,,,,,,,,,Economic Evaluation of Fertilizer Reduction Incentive Programs for Rice Farmers,crops,
133,2014,0,Flanders,Coats,Dunn,,,,,,,,AR,Arkansas,Arkansas,Arkansas,,,,,,,,,,,,,,,,,,Change in Arkansas Cotton Acreage during 2002-2010,crops,
135,2014,0,Flanders,,,,,,,,,,AR,Arkansas,,,,,,,,,,,,,,,,,,,,Stocks-to-Use Response for Acreage Allocation of Arkansas Field Crops,crops,
155,2014,0,Funk,Bergtold,,,,,,,,,MO,private sector,Kansas State,,,,,,,,,,Kansas State,,,,,,,,,Cost Efficiency Changes and Adoption of Biotechnology Enhanced Soybeans in Kansas,crops,
204,2014,0,Ibendahl,Langemeier,,,,,,,,,KS,Kansas State,Purdue,,,,,,,,,,,,,,,,,,,Characteristics That Help a Farm Achieve Long-Term Viability,finance,
222,2014,0,Keeton,Popp,Smith,,,,,,,,AR,Arkansas,Arkansas,Tennessee,,,,,,,,,,,,,,,,,,Economic and Enviornmental Repercussions of Changing Bull Genetics,livestock,
233,2014,0,Langemeier,Ibendahl,,,,,,,,,IN,Purdue,Kansas State,,,,,,,,,,,,,,,,,,,Crop Machinery Benchmarks,machinery,
237,2014,0,Langemeier,Yeager,O'Brien,,,,,,,,IN,Purdue,Purdue,Kansas State,,,,,,,,,,,,,,,,,,Cost Efficiency and Feed Grain Production in Kansas,crops,
297,2014,1,Paulson,Schnitkey,,,,,,,,,IL,Illinois,Illinois,,,,,,,,,Illinois,Illinois,,,,,,,,,Farmland Values and Rental Rate Trends,farmland,
315,2014,0,Pruitt,Detre,Darby,,,,,,,,LA,Louisiana State,Louisiana State,Louisiana State,,,,,,,,,,,,,,,,,,An Uncertain Market: A Case Study of a Cow-Calf Operation,livestock,
357,2014,0,Smith,Popp,Philipp,Coffey,Gbur,Montgomery,,,,,TN,Tennessee,Arkansas,Arkansas,Arkansas,Arkansas,private sector,,,,,,,,,,,,,,,Overseeding Bermudagrass Pastures with Ryegrass and Clovers: Estimating Partial Returns,crops,
370,2014,0,Swanepoel,Hadrich,Goemans,,,,,,,,CO,Colorado State,Colorado State,Colorado State,,,,,,,,,,,,,,,,,,"Estimating the Contribution of Groundwater Irrigation to Farmland Values in Phillips County, Colorado",farmland,
391,2014,0,Vitale,Epplin,Giles,Elliott,Burgener,Keenan,,,,,OK,Oklahoma State,Oklahoma State,Oklahoma State,private sector,private sector,private sector,,,,,,,,,,,,,,,Crop Diversity on Traditional Great Plains Wheat Farms,crops,
403,2014,0,Wilson,Schurle,Taylor,Featherstone,Ibendahl,,,,,,KS,Kansas State,Kansas State,Kansas State,Kansas State,Kansas State,,,,,,,,,,,,,,,,Regression Estimates of Different Land Type Prices and Time Adjustments,farmland,
406,2014,0,Yeager,Barnard,,,,,,,,,IN,Purdue,Purdue,,,,,,,,,Kansas State,Purdue,,,,,,,,,Effectiveness of Increasing Liquidity as a Resource to Increased Repayment Risk: A Case Study,risk,
8,2013,0,Amadou,Roper,Biermacher,Cook,Ward,,,,,,OK,Oklahoma State,Oklahoma State,private sector,private sector,Oklahoma State,,,,,,,,,,,,,,,,Alternative Retention and Marketing Strategies for Cull Beef Cows,livestock,
17,2013,0,Barnard,Yeager,,,,,,,,,IN,Purdue,Purdue,,,,,,,,,,KSU,,,,,,,,,The Perfect Storm: A Case Study Illustrating How a Series of Events Led One Farm Operator to Develop a Risk Management Plan that Includes a Lender’s Perspective,risk,
18,2013,0,Barnard,Yeager,Miller,,,,,,,,IN,Purdue,Purdue,Purdue,,,,,,,,,KSU,,,,,,,,,Repayment Capacity Sensitivity Analysis Using Purdue Farm Financial Analysis Spreadsheet,finance,
19,2013,0,Barnard,Yeager,Miller,,,,,,,,IN,Purdue,Purdue,Purdue,,,,,,,,,KSU,,,,,,,,,New Features Added to the Purdue Farm Financial Analysis Spreadsheet,finance,
86,2013,0,Deliberto,Salassi,Guidry,,,,,,,,LA,Louisiana State,Louisiana State,Louisiana State,,,,,,,,,,,,,,,,,,Simulating Returns to Alternative Crop Mixes in Northeastern Louisiana,crops,
91,2013,0,DeVuyst,,,,,,,,,,OK,Oklahoma State,,,,,,,,,,,,,,,,,,,,Construction and Operating Costs for Whitetail Deer Farms,livestock,
100,2013,0,Doye,Sahs,Peel,DeVuyst,,,,,,,OK,Oklahoma State,Oklahoma State,Oklahoma State,Oklahoma State,,,,,,,,,,,,,,,,,Financing Herd Rebuilding After the 2011 Drought,livestock,
109,2013,1,Edwards,Hart,,,,,,,,,IA,Iowa State,Iowa State,,,,,,,,,Iowa State,Iowa State,,,,,,,,,Sharing Financial Risk Through Flexible Farm Lease Agreements,risk,
115,2013,0,Elliott,Parcell,Patterson,Smith,Poock,,,,,,SD,South Dakota State,Missouri,Missouri,Missouri,Missouri,,,,,,,,,,,,,,,,Factors Influencing Beef Reproductive Technology Adoption,technology,
130,2013,0,Fewell,Lyons,Williams,Bergtold,,,,,,,TN,Tennessee,Kansas State,Kansas State,Kansas State,,,,,,,Lake Region State College,,,,,,,,,,Kansas Farmers Interest and Preferences for Growing Cellulosic Bioenergy Crops,crops,
202,2013,0,Ibendahl,Griffin,,,,,,,,,KS,Kansas State,Arkansas,,,,,,,,,,,,,,,,,,,The Connection Between Cash Rents and Land Values,farmland,
228,2013,0,Kuethe,Walsh,Ifft,,,,,,,,DC,USDA,USDA,USDA,,,,,,,,,,,,,,,,,,Farmland versus Alternative Investments Before and After the 2008 Financial Crisis,farmland,
238,2013,0,Langemeier,,,,,,,,,,IN,Purdue,,,,,,,,,,,,,,,,,,,,Measuring Economies of Size with Expense Ratios,finance,
293,2013,0,Parvez,Faush,Nleya,Johnson,Olsen,Rickertsen,,,,,SD,South Dakota State,South Dakota State,South Dakota State,South Dakota State,South Dakota State,North Dakota State,,,,,,,,,,,,,,,Forage Options and Drought Risk: A South Dakota Case Study,risk,
301,2013,0,Paulson,,,,,,,,,,IL,Illinois,,,,,,,,,,,,,,,,,,,,The Impact of Revenues and Costs on the Relative Returns of Illinois Grain Farms,crops,
343,2013,0,Schurle,Featherstone,Wilson,Crosson,,,,,,,KS,Kansas State,Kansas State,Kansas State,Kansas State,,,,,,,,,,,,,,,,,Land Prices During Periods of Rapid Change,farmland,
355,2013,0,Smith,Dhuyvetter,Kastens,Kastens2,Smith2,,,,,,KS,Fort Hays,Kansas State,Kansas State,private sector,private sector,,,,,,,private sector,,,,,,,,,Economics of Precision Agricultural Technologies Across the Great Plains,technology,
358,2013,0,Stephens,Schurle,,,,,,,,,KS,private sector,Kansas State,,,,,,,,,,,,,,,,,,,"Impact of Rainfall, Sales Method, and Time on Land Prices",farmland,
42,2012,0,Blank,Erickson,Hallahan,,,,,,,,VA,Virginia Tech,USDA,USDA,,,,,,,,,,,,,,,,,,Rising Farmland Values: An Indicator of Regional Economic Performance or a Speculative Bubble?,farmland,
53,2012,0,Brewer,Wilson,Featherstone,Harris,Erickson,Hallahan,,,,,KS,Kansas State,Kansas State,Kansas State,USDA,USDA,USDA,,,,,,,,,,,,,,,Measuring the Financial Health of U.S. Production Agriculture,finance,
112,2012,0,Eisele,Ritten,Bastian,Paisley,Lake,,,,,,WY,Wyoming,Wyoming,Wyoming,Wyoming,Wyoming,,,,,,,,,,,,,,,,Economic Comparison of Weaning and Feeding Strategies for Beef Production,livestock,
152,2012,0,Foulke,Geiger,Hess,,,,,,,,WY,Wyoming,Wyoming,Wyoming,,,,,,,,,,,,,,,,,,An Analysis of On-Farm Feed and Fuel from Dryland Camelina,crops,
154,2012,0,Funk,Armijo,Hawkes,Libbin,,,,,,,NM,USDA ARS,USDA ARS,New Mexico State,New Mexico State,,,,,,,,,,,,,,,,,Cotton Thermal Defoliation Economics,crops,
181,2012,0,Hadrich,,,,,,,,,,ND,North Dakota State,,,,,,,,,,,,,,,,,,,,Managing the Economics of Soil Salinity in the Red River Valley of North Dakota,crops,
206,2012,0,Ibendahl,,,,,,,,,,MS,Mississippi State,,,,,,,,,,KSU,,,,,,,,,,Seasonality of Diesel Fuel Prices,marketing,
260,2012,0,Mark,Detre,D'Antoni,Mishra,,,,,,,KY,Kentucky,Louisiana State,Louisiana State,Louisiana State,,,,,,,,,,,,,,,,,Factors Influencing Farm Operator Expectations on Future Levels of Government Support,policy,
262,2012,0,McGaffin,McLeod,Bastian,Hoag,Hoag,,,,,,WY,private sector,Wyoming,Wyoming,Colorado State,Colorado State,,,,,,,,,,,,,,,,Landowner Preferences for Conservation Easements: Responses from Two Intermountain States,policy,
275,2012,0,Navarro,Shoaf,Snyder,Dobbins,Ohm,,,,,,WY,Wyoming,Purdue,Purdue,Purdue,Purdue,,,,,,,,,,,,,,,,Economic Analysis of Biomass Production Utilizing Winter Wheat Double-Cropping,crops,
300,2012,1,Paulson,,,,,,,,,,IL,Illinois,,,,,,,,,,Illinois,,,,,,,,,,Revisiting Flexible Cash Leases,farmland,
337,2012,0,Sanders,Altman,Apgar,,,,,,,,IL,Southern Illinois,Southern Illinois,Southern Illinois,,,,,,,,,,,,,,,,,,Determinants of Profitability in Niche Swine Production,livestock,
344,2012,0,Schurle,Wilson,Featherstone,Remaury,Harmon,,,,,,KS,Kansas State,Kansas State,Kansas State,Kansas State,Kansas State,,,,,,,,,,,,,,,,"Asset Bubbles, Inflation, and Agricultural Land Values",farmland,
346,2012,0,Shockley,Dillon,Stombaugh,,,,,,,,KY,Kentucky,Kentucky,Kentucky,,,,,,,,,,,,,,,,,,The Influence of Auto-Steer on Machinery Selection and Land Acquisition,technology,
385,2012,0,Thompson,Johnson,,,,,,,,,NE,Nebraska,Nebraska,,,,,,,,,,,,,,,,,,,The Value of Water In Agriculture Land Markets: The Nebraska Case,farmland,
388,2012,0,Varner,Epplin,Doye,Schatzer,Edwards,,,,,,OK,Oklahoma State,Oklahoma State,Oklahoma State,Oklahoma State,Oklahoma State,,,,,,,,,,,,,,,,Pasture Rental Rates for Fall-Winter Grazing of Winter Wheat,farmland,
7,2011,0,Altman,Sanders,Johnson,,,,,,,,IL,Southern Illinois,Southern Illinois,Missouri,,,,,,,,,,,,,,,,,,The Local Economic Impacts of Ethanol Plant Expansion: A Missouri Case Study,marketing,
85,2011,0,Deliberto,Salassi,,,,,,,,,LA,Louisiana State,Louisiana State,,,,,,,,,,,,,,,,,,,Hybrid Rice Production Possibilities in the Southern Rice Producing Region,crops,
104,2011,0,Duke,Epplin,Vitale,Peel,,,,,,,OK,Oklahoma State,Oklahoma State,Oklahoma State,Oklahoma State,,,,,,,,,,,,,,,,,Forage plus Grain Wheat versus Grain-Only Wheat,crops,
122,2011,0,Escalante,Perkins,Santos,,,,,,,,GA,Georgia,Georgia,private sector,,,,,,,,,,,,,,,,,,When the Seasonal Foreign Farm Workers are Gone ,human,
127,2011,0,Ferrer,Fonsah,Escalante,,,,,,,,GA,Georgia,Georgia,Georgia,,,,,,,,,,,,,,,,,,Risk-Efficient Fumigant-Mulching System Alternatives for Bell Pepper Production,risk,
132,2011,1,Fisher,,,,,,,,,,NY,private sector,,,,,,,,,,,,,,,,,,,,An Environmental Trade Case Study: Agricultural Conservation Easement Pays Off Environmental Penalty,policy,
196,2011,0,Hinson,Little,Hood,Owings,Harkess,Black,,,,,LA,Louisiana State,Mississippi State,Mississippi State,Louisiana State,Mississippi State,USDA,,,,,,,,,,,,,,,Estimating the Cost of Producing Selected Ornamental Crops in Plant Hardiness Zones 8 and 9,crops,
199,2011,0,Howard,Wilson,,,,,,,,,CA,Cal Poly,Cal Poly,,,,,,,,,,,,,,,,,,,What Our Students Should Know: Perspectives from California - Revised,human,
224,2011,0,King,Zulauf,,,,,,,,,OH,Ohio State,Ohio State,,,,,,,,,,,,,,,,,,,Using Options: The Role of Declining Time Value,risk,
276,2011,0,Noland,Norvell,Paulson,Schnitkey,,,,,,,IL,Illinois,Illinois,Illinois,Illinois  ,,,,,,,,,,,,,,,,,The Role of Farmland in an Investment Portfolio: Analysis of Illinois Endowment Farms,farmland,
289,2011,0,Parcell,Franken,Schafer,Patterson,John,Kerley,Haden,,,,MO,Missouri,Missouri,private sector,Missouri,private sector,Missouri,private sector,,,,,,,,,,,,,,Coordinating Sire Genetics in a Synchronized AI Program,livestock,
291,2011,0,Park,Vitale,Turner,Stoecker,Hattey,,,,,,TX,Texas A&M,Oklahoma State,Oklahoma State,Oklahoma State,Oklahoma State,,,,,,,,,,,,,,,,Economic Potential of Swine Effluent in Intensified Forage Systems in the Southern Plains ,livestock,
328,2011,0,Robertson-Carolan,Parcell,Patterson,Eakins,Franken,,,,,,MO,private sector,Missouri,Missouri,Missouri,Missouri,,,,,,,,,,,,,,,,Valuing Beef Herd Dam Genetic Pedigree Management ,livestock,
362,2011,0,Straka,Greiner,,,,,,,,,SC,Clemson,Clemson,,,,,,,,,,,,,,,,,,,Contribution of Wildlife to the Value of U.S. Southern Forestland,farmland,
382,2011,0,Theron,Winter,Loomis,Spaulding,,,,,,,IL,Illinois State,Illinois State,Illinois State,Illinois State,,,,,,,,,,,,,,,,,Attitudes Concerning Wind Energy in Central Illinois ,policy,
3,2010,0,Alexander,Patrick,,,,,,,,,IN,Purdue,Purdue,,,,,,,,,,,,,,,,,,,"Large-Scale Producers’ Perceptions of, and Managerial Responses to, Increased Volatility ",risk,
9,2010,0,Atkinson,Sanders,Jones,Altman,,,,,,,IL,Southern Illinois,Southern Illinois,Southern Illinois,Southern Illinois,,,,,,,,,,,,,,,,,An Evaluation of Purebred Bull Pricing: Implications for Beef Herd Management,livestock,
16,2010,1,Barnard,Ellinger,Wilson,,,,,,,,IN,Purdue,Illinois,Kansas State,,,,,,,,Purdue,Illinois,Kansas State,,,,,,,,Measurement Issues in Assessing Farm Profitability through Cash Tax Returns,finance,
87,2010,0,Detre,Mishra,Adhikari,,,,,,,,LA,Louisiana State,Louisiana State,Louisiana State,,,,,,,,,,,,,,,,,,Factors Affecting the Adoption of Genetically Modified Crops by Young and Beginning U.S. Farmers and Ranchers,crops,
101,2010,0,Dubiansky,,,,,,,,,,GA,private sector,,,,,,,,,,,,,,,,,,,,A View Toward Sound Policy Initiatives Regarding Agricultural Alternative Fuels,policy,
158,2010,0,Ginder,Spaulding,Winter,Tudor,,,,,,,IL,Illinois State,Illinois State,Illinois State,Illinois State,,,,,,,,,,,,,,,,,Crop Insurance Purchase Decisions: Study of Northern Illinois Farmers,risk,
163,2010,0,Govindasamy,VanVranken,Sciarappa,Ayeni,Puduri,Pappas,Simon,Mangan,Lamberts,McAvoy,NJ,Rutgers,Rutgers,Rutgers,Rutgers,Rutgers,private sector,Rutgers,Massachusetts,Florida,Florida,,,,,,,,,,,Consumers’ Shopping Patterns and Expenditures on Ethnic Produce: Case Study from the Eastern Coastal U.S.A. ,marketing,
166,2010,0,Griffin,Baird,,,,,,,,,AR,Arkansas,private sector,,,,,,,,,KSU,,,,,,,,,,Conveying the Role of Professional Farm Managers to Potential Clientele,human,
171,2010,0,Gueck,Klose,Jones,Yates,,,,,,,TX,Texas A&M,Texas A&M,Texas A&M,Texas A&M,,,,,,,,,,,,,,,,,Examining Share Lease Arrangements for Grain Operations in theTexas Panhandle Under Changing Market Conditions,farmland,
203,2010,0,Ibendahl,Halich,,,,,,,,,MS,Mississippi State,Kentucky,,,,,,,,,KSU,,,,,,,,,,How to Estimate Custom Machinery Rates,machinery,
205,2010,0,Ibendahl,,,,,,,,,,MS,Mississippi State,,,,,,,,,,KSU,,,,,,,,,,A Partial Budget Approach to Estimating Cash Rents,farmland,
259,2010,0,Mark,Detre,Boehlje,Gray,,,,,,,LA,Louisiana State,Louisiana State,Purdue,Purdue,,,,,,,,,,,,,,,,,Is Growing Livestock Inventories a Sustainable Initiative Given Phosphorus Crop Removal Regulations ,livestock,
267,2010,0,Miller,Barnard,Brown,Duckworth,Wheeling,Whittman,,,,,IN,Purdue,Purdue,private sector,private sector,Montana,private sector,,,,,,,,,,,,,,,Farm Enterprise Analysis: Has It Lost Its Usefulness?,planning,
277,2010,0,Novak,Nadolynyak,,,,,,,,,AL,Auburn,Auburn,,,,,,,,,,,,,,,,,,,Climate Effects on Rainfall Index Insurance Purchase Decisions,risk,
290,2010,0,Park,Richardson,Gilliland,,,,,,,,TX,Texas A&M,Texas A&M,Texas A&M,,,,,,,,,,,,,,,,,,Effect of IRC Code 1031 on Texas Agricultural Land Price,farmland,
296,2010,0,Paulson,Schnitkey,,,,,,,,,IL,Illinois,Illinois,,,,,,,,,,,,,,,,,,,Expected Payments and Considerations for the New ACRE Program,policy,
312,2010,0,Popp,Rupe,Rothrock,,,,,,,,AR,Arkansas,Arkansas,Arkansas,,,,,,,,,,,,,,,,,,Economic Evaluation of Soybean Fungicide Seed Treatments,crops,
324,2010,0,Riley,Anderson,,,,,,,,,MS,Mississippi State,Mississippi State,,,,,,,,,,,,,,,,,,,Comparison of Hedging Cost with Other Variable Input Costs,marketing,
326,2010,0,Ritten,Bastian,Paisley,Smith,,,,,,,WY,Wyoming,Wyoming,Wyoming,Wyoming,,,,,,,,,,,,,,,,,Long Term Comparison of Alternative Range Livestock Management Strategies Across Extended Droughts and Cyclical Prices,livestock,
354,2010,0,Singleton,Straka,,,,,,,,,SC,private sector,Clemson,,,,,,,,,,,,,,,,,,,Harvest Scheduling as a Timber Appraisal Tool,crops,
365,2010,0,Strauch,Peck,Held,,,,,,,,WY,Wyoming,Wyoming,Wyoming,,,,,,,,UNL,,,,,,,,,,A Case Study of Fall versus Spring Calving for the Rocky Mountain West ,livestock,
367,2010,0,Susanto,Rosson,Adcock,Anderson,,,,,,,TX,Texas A&M,Texas A&M,Texas A&M,Texas A&M,,,,,,,,,,,,,,,,,Impact of Hired Foreign Labor on Milk Production and Herd Size in the United States,human,
27,2009,0,Bastian,Ponnamaneni,Mooney,Ritten,Frasier,Paisley,Smith,Umberger,,,WY,Wyoming,Wyoming,Boise State,Wyoming,Colorado State,Wyoming,Wyoming,Adelaide,,,,,,,,,,,,,Range Livestock Strategies Given Extended Drought and Different Price Cycles,livestock,
40,2009,0,Biermacher,Coffey,Cook,Childs,Johnson,Ford,,,,,OK,private sector,private sector,private sector,private sector,private sector,private sector,,,,,,,,,,,,,,,Economic Advantage of No-Tilling Winter Forages for Stocker Grazing,livestock,
54,2009,0,Briggeman,Boehlje,,,,,,,,,MO,private sector,Purdue,,,,,,,,,KSU,,,,,,,,,,Cash is King · But Profitability is the Kingdom!,finance,
61,2009,0,Burton,Smith,Schlegel,,,,,,,,KS,Kansas State,Kansas State,Kansas State,,,,,,,,,,,,,,,,,,"Economics of Reduced-Till, No-Till and Opportunity Cropping in Western Kansas",crops,
134,2009,0,Flanders,Smith,Fonsah,McKissick,,,,,,,AR,Arkansas,Georgia,Georgia,Georgia,,,,,,,,,,,,,,,,,Simulation Analysis of Double-Cropping Vegetables and Field Crops,crops,
157,2009,0,Gillespie,Mark,Sandretto,Nehring,,,,,,,LA,Louisiana State,Louisiana State,USDA,USDA,,,,,,,,,,,,,,,,,Computerized Technology Adoption Among Farms in the U.S. Dairy Industry,livestock,
169,2009,0,Griffin,,,,,,,,,,AR,Arkansas,,,,,,,,,,,,,,,,,,,,Acquiring and Applying Days Suitable for Fieldwork for your State,planning,
173,2009,0,Guiling,Doye,Brorsen,,,,,,,,MO,Oklahoma State,Oklahoma State,Oklahoma State,,,,,,,,,,,,,,,,,,Why Has the Price of Pasture Increased Relative to the Price of Cropland?,farmland,
195,2009,0,Hignight,Watkins,Anders,,,,,,,,AR,Arkansas,Arkansas,Arkansas,,,,,,,,,,,,,,,,,,Economic Analysis of Zero-Grade Rice and Land Tenure,crops,
201,2009,0,Hubbs,Bista,Preckel,Richert,,,,,,,IN,Purdue,Purdue,Purdue,Purdue,,,,,,,,,,,,,,,,,Valuing Dried Distillers Grains with Solubles for Use in Swine Diets,livestock,
227,2009,0,Klonsky,,,,,,,,,,CA,California Davis,,,,,,,,,,,,,,,,,,,,The Economic Impact of Rising Input Prices on California Agriculture,marketing,
246,2009,0,Lewton,Krall,Hess,Held,,,,,,,WY,Wyoming,Wyoming,Wyoming,Wyoming,,,,,,,,,,,,,,,,,"Substituting Medic, an Annual Legume, in Place of Summer Fallow for Winter Wheat Production",crops,
271,2009,0,Mooney,Larson,Roberts,English,,,,,,,TN,Tennessee,Tennessee,Tennessee,Tennessee,,,,,,,,,,,,,,,,,When Does Variable Rate Technology for Agricultural Sprayers Pay? A Case Study for Cotton Production in Tennessee,technology,
320,2009,0,Ribera,McCarl,Zenteno,,,,,,,,TX,Texas A&M,Texas A&M,Texas A&M,,,,,,,,,,,,,,,,,,Carbon Sequestration: a Potential Source of Income for Farmers,policy,
321,2009,1,Richardson,Furnasi,Markley,Gilliland,Outlaw,,,,,,TX,Texas A&M,,,,,,,,,,Texas A&M,private sector,private sector,Texas A&M,Texas A&M,,,,,,Impacts of Farm Income and Person Income on Texas Land Values,farmland,
333,2009,0,Salassi,Deliberto,Webster,,,,,,,,LA,Louisiana State,Louisiana State,Louisiana State,,,,,,,,,,,,,,,,,,Enterprise Cost Assignment and Land Tenure Implications in Crop Rotation Systems: A Rice/Crawfish Rotation Case Study,crops,
336,2009,0,Sanders,Altman,Manfredo,Anderson,,,,,,,IL,Southern Illinois,Southern Illinois,Arizona State,Southern Illinois,,,,,,,,,,,,,,,,,Using USDA Production Forecasts: Adjusting for Smoothing,policy,
364,2009,0,Straka,,,,,,,,,,SC,Clemson,,,,,,,,,,,,,,,,,,,,Appraising Damaged Timber,crops,
398,2009,0,Wild,,,,,,,,,,AK,private sector,,,,,,,,,,,,,,,,,,,,What Drives Land Prices in Your Market? The Use of Multiple Regression Analysis to Confirm the Significance of Determinative Real Estate Value Elements,farmland,
401,2009,0,Williams,Pendell,Llewelyn,Peterson,Nelson,,,,,,KS,Kansas State,Kansas State,Kansas State,Kansas State,Kansas State,,,,,,,,,,,,,,,,Returns to Tillage Systems under Changing Input and Output Market Conditions,crops,
407,2009,0,Yeager,Langemeier,,,,,,,,,KS,Kansas State,Kansas State,,,,,,,,,,Purdue,,,,,,,,,Measuring Sustained Competitive Advantage for a Sample of Kansas Farms,finance,
5,2008,0,Altman,Boessen,Sanders,,,,,,,,IL,Southern Illinois,Missouri,Southern Illinois,,,,,,,,,,,,,,,,,,Contracting for Biomass: Supply Chain Strategies for Renewable Energy,crops,
6,2008,0,Altman,Sanders,Schneider,,,,,,,,IL,Southern Illinois,Southern Illinois,Southern Illinois,,,,,,,,,,,,,,,,,,Producer-Level Hedging Effectiveness of Class III Milk Futures,livestock,
88,2008,0,DeVuyst,DeVuyst,,,,,,,,,ND,North Dakota State,North Dakota State,,,,,,,,,,,,,,,,,,,The Impact of Beef Price and Hunting Pressure on Pasture Values in North Dakota ,livestock,
99,2008,0,Doye,Popp,West,,,,,,,,OK,Oklahoma State,Arkansas,Arkansas,,,,,,,,,,,,,,,,,,Controlled versus Continuous Calving Seasons in the South: What’s at Stake? ,livestock,
108,2008,1,Eberle,Wallace,,,,,,,,,IL,Southern Illinois,Southern Illinois,,,,,,,,,Southern Illinois,,,,,,,,,,Recreational Leases as Means to Increase Landowner Income,farmland,
170,2008,0,Grisham,Gillespie,,,,,,,,,LA,Louisiana State,Louisiana State,,,,,,,,,,,,,,,,,,,Record-Keeping Technology Adoption among Dairy Farmers ,livestock,
176,2008,0,Guither,,,,,,,,,,IL,Illinois,,,,,,,,,,,,,,,,,,,,Starting an Independent Rural Appraisal Business ,human,
177,2008,0,Guither,,,,,,,,,,IL,Illinois,,,,,,,,,,,,,,,,,,,,Starting an Independent Rural Appraisal Business ,human,
188,2008,0,Hawkes,Libbin,Jones,,,,,,,,NM,New Mexico State,New Mexico State,,,,,,,,,,,,,,,,,,,Chile Production in New Mexico and Northern Mexico ,crops,
226,2008,0,Klonsky,Hasey,DeMoura,,,,,,,,CA,California Davis,California Davis,California Davis,,,,,,,,,,,,,,,,,,The Economic Viability of Orchard Production on Small Acreage,crops,
287,2008,0,Painter,,,,,,,,,,Canada,Saskatchewan,,,,,,,,,,,,,,,,,,,,Is Canadian Farmland Overpriced? ,farmland,
339,2008,0,Schmitz,Schultz,,,,,,,,,MN,Nebraska Omaha,Nebraska Omaha,,,,,,,,,,,,,,,,,,,The Impact of the Conservation Reserve Program on the Sale Price of Agricultural Land ,farmland,
36,2007,1,Beasley,Nelson,Strochein,Hamilton,,,,,,,ID,Idaho,Idaho,Idaho,Idaho,,,,,,,,,,,,,,,,,"Determinants of Farmland Values in the Boise, Idaho Metro Area: Applying Mathematical Modeling to Highest and Best Use Analysis",farmland,
60,2007,0,Burton,Key,Schurle,Regehr,,,,,,,KS,Kansas State,Kansas State,Kansas State,Kansas State,,,,,,,,,,,,,,,,,Economic Analysis of Avoiding a Potential Health Hazard on an Individual Farm ,human,
77,2007,0,Dalsted,Sharp,Tranel,Pritchett,,,,,,,CO,Colorado State,Colorado State,Colorado State,Colorado State,,,,,,,,,,,,,,,,,Investment Analysis—Purchasing Cows and Heifers in a Strong Cattle Market ,livestock,
84,2007,0,Deliberto,Salassi,Paxton,,,,,,,,LA,Louisiana State,Louisiana State,Louisiana State,,,,,,,,,,,,,,,,,,Fuel and Fertilizer Price Impacts on Crop Mix and Returns in the Louisiana Delta,marketing,
93,2007,0,Dodson,Koenig,,,,,,,,,DC,USDA,USDA,,,,,,,,,,,,,,,,,,,Facilitating Beginning Farmers Purchase of Farmland ,farmland,
113,2007,0,Ellinger,Barnard,Wilson,,,,,,,,IL,Illinois,Purdue,Purdue,,,,,,,,,,KSU,,,,,,,,Financial Stages of a Farmer’s Life: Effects on Credit Analysis Measures ,finance,
126,2007,0,Fausti,Landblom,Johnson,Beutler,Gates,Salverson,Patterson,Paisley,,,SD,South Dakota State,North Dakota State,South Dakota State,South Dakota State,South Dakota State,South Dakota State,South Dakota State,Wyoming,,,,,,,,,,,,,The Effect of Early versus Normal Calf Weaning on Feedlot Performance and Herd Management: A Northern Plains Case Study ,livestock,
146,2007,0,Fonsah,Hudgins,,,,,,,,,GA,Georgia,,,,,,,,,,,,,,,,,,,,Financial and Economic Analysis of Producing Commercial Tomatoes for Fresh Market in Georgia ,crops,
248,2007,0,Libbin,Erickson,Bulllock,,,,,,,,NM,New Mexico State,New Mexico State,New Mexico State,,,,,,,,,,,,,,,,,,Real Estate Appraisers Who Share Sales Information: Are Appraisers Unique or Just Weird? ,human,
270,2007,0,Mishra,Osta,,,,,,,,,DC,USDA,USDA,,,,,,,,,,,,,,,,,,,Factors Affecting Succession Decisions in Family Farm Businesses: Evidence from a National Survey,human,
318,2007,0,Raulston,Klose,Outlaw,Richardson,,,,,,,TX,Texas A&M,Texas A&M,Texas A&M,Texas A&M,,,,,,,,,,,,,,,,,The Impact of Increased Planting Flexibility on Planting Decisions Across Texas ,crops,
342,2007,0,Schoney,,,,,,,,,,Canada,Saskatchewan,,,,,,,,,,,,,,,,,,,,"An Economic Study of Loss of Use of Indian Lands: A Case Study of Saskatchewan, Canada ",farmland,
351,2007,0,Shultz,,,,,,,,,,NE,Nebraska Omaha,,,,,,,,,,,,,,,,,,,,Non-Local Purchases of Agricultural Land for Hunting Purposes ,farmland,
363,2007,0,Straka,,,,,,,,,,SC,Clemson,,,,,,,,,,,,,,,,,,,,Valuation of Bare Forestland and Premerchantable Timber Stands in Forestry Appraisal,farmland,
374,2007,0,Takele,Mauk,Sharabeen,,,,,,,,CA,California Davis,California Davis,California Davis,,,,,,,,,,,,,,,,,,An Agricultural Survey Assesses Clientele Program Needs,human,
376,2007,0,Taulealea,Held,Stevens,Bradley,,,,,,,WY,Wyoming,Wyoming,USDA ARS,Wyoming,,,,,,,,,,,,,,,,,Precision Fertilization of Wyoming Sugar Beets: A Case Study ,technology,
379,2007,0,Taylor,Epplin,Peel,Horn,,,,,,,OK,Oklahoma State,Oklahoma State,Oklahoma State,Oklahoma State,,,,,,,,,,,,,,,,,Value of an Extended Grazing Season and Value of Monensin Supplements for Stocker Cattle Grazing Winter Wheat Pasture ,livestock,
393,2007,0,Ward,Ratcliff,Lalman,,,,,,,,OK,Oklahoma State,Oklahoma State,Oklahoma State,,,,,,,,,,,,,,,,,,Price Premiums from a Certified Feeder Calf Preconditioning Program ,livestock,
402,2007,0,Wilson,Barnard,Boehlje,,,,,,,,IN,Purdue,Purdue,Purdue,,,,,,,,KSU,,,,,,,,,,A Financial Analysis Program That Will PASS the Farm Manager “Interest Test” ,finance,
35,2006,0,Batte,,,,,,,,,,OH,Ohio State,,,,,,,,,,,,,,,,,,,,Shopping at the Farm Office: What is the Future of Farm e-Commerce? ,marketing,
49,2006,0,Boom,Phillips,Urey,,,,,,,,CA,Cal Poly,Cal Poly,Cal Poly,,,,,,,,,,,,,,,,,,Strategies for Dairy Farm Preservation ,livestock,
64,2006,0,Byrd,Escalante,Fonsah,Wetzstein,,,,,,,GA,Georgia,Georgia,Georgia,Georgia,,,,,,,,,,,,,,,,,Financial Efficiency of Methyl Bromide Alternatives for Georgia’s Bell Pepper Industries ,crops,
98,2006,0,Dowell,,,,,,,,,,IL,private sector,,,,,,,,,,,,,,,,,,,,Developing Insurance Protection for Stored Grain ,risk,
107,2006,0,Eberle,Moody,Rendleman,Peterson,,,,,,,IL,Southern Illinois,private sector,Southern Illinois,Southern Illinois,,,,,,,,,,,,,,,,,Impact of Milk Income Loss Contract (MILC) and Section 179 Expensing on Rates of Return for Alternative Dairy Systems,livestock,
119,2006,0,Ervin,Patterson,Herring,,,,,,,,NM,Eastern New Mexico,private sector,Texas A&M,,,,,,,,,,,,,,,,,,Packer versus Feeder Cattle Live Animal Value Based on Phenotypic Characteristics ,livestock,
141,2006,0,Flaskerud,,,,,,,,,,ND,North Dakota State,,,,,,,,,,,,,,,,,,,,Field Pea and Lentil Marketing Strategies for Northern Plains Producers,crops,
143,2006,0,Fleming,Claypool,Miller,Held,,,,,,,WY,Wyoming,Wyoming,Wyoming,Wyoming,,,,,,,,,,,,,,,,,Precision Application of Herbicide for Control of Skeletonleaf Bursage in Winter Wheat ,technology,
145,2006,0,Fonsah,Harrison,Foster,,,,,,,,GA,Georgia,Georgia,Georgia,,,,,,,,,,,,,,,,,,"Status of Irrigation Water Use on Pecans in Georgia: Lesson for Growers, Extension Specialists, Extension Agents, Professional Farm Managers, and Appraisers",crops,
150,2006,0,Fort,Parcell,,,,,,,,,MO,Missouri,Missouri,,,,,,,,,,,,,,,,,,,A Case Study on the Impact of an Ethanol Plant on Corn Price ,marketing,
156,2006,0,Gandonou,Dillon,Shearer,Stombaugh,,,,,,,KY,Kentucky,Kentucky,Kentucky,Kentucky,,,,,,,,,,,,,,,,,Precision Agriculture Equipment Ownership versus Custom Hire: A Break-even Land Area Analysis ,technology,
194,2006,0,Highmoor,Schmitz,Brown,Rosaasen,,,,,,,Canada,private sector,Saskatchewan,Saskatchewan,Florida,,,,,,,,,,,,,,,,,"Cow-calf Expansion with the Removal of Transportation Subsidies in East Central Saskatchewan, Canada ",livestock,
231,2006,0,Langemeier,Bradford,,,,,,,,,KS,Kansas State,private sector,,,,,,,,,Purdue,,,,,,,,,,An Examination of the Relationship Between Overall Inefficiency and Farm Characteristics ,finance,
286,2006,0,Painter,,,,,,,,,,Canada,Saskatchewan,,,,,,,,,,,,,,,,,,,,The Financial Benefits to Investors in a Canadian Farmland Mutual Fund ,farmland,
304,2006,0,Pendell,Williams,Sweeney,Nelson,Rice,,,,,,KS,Kansas State,Kansas State,Kansas State,Kansas State,Kansas State,,,,,,,,,,,,,,,,Economic Feasibility of Carbon Sequestration with Alternative Tillage Systems ,policy,
350,2006,1,Shultz,,,,,,,,,,NE,Nebraska Omaha,,,,,,,,,,,,,,,,,,,,Differences Between Agricultural Land Value Surveys and Market Sales,farmland,
361,2006,0,Straka,Bullard,,,,,,,,,SC,Clemson,Kentucky,,,,,,,,,,,,,,,,,,,An Appraisal Tool for Valuing Forest Lands ,farmland,
366,2006,0,Stringer,Sanders,,,,,,,,,IL,Southern Illinois,Southern Illinois,,,,,,,,,,,,,,,,,,,Forward Contracting Costs for Illinois Corn and Soybeans: Implications for Producer Pricing Strategies ,marketing,
387,2006,0,Trede,,,,,,,,,,IA,Iowa State,,,,,,,,,,,,,,,,,,,,ASFMRA Chapter Strategic Planning: Iowa Chapter Case Study ,planning,
390,2006,0,Villatoro,Langemeier,,,,,,,,,KS,Kansas State,Kansas State,,,,,,,,,,,,,,,,,,,Factors Impacting Farm Growth ,finance,
39,2005,0,Bernardo,Kastens,Mulik,,,,,,,,KS,Kansas State,Kansas State,North Dakota State,,,,,,,,,private sector,,,,,,,,,Are Large Farms More or Less Environmentally Friendly?,policy,
63,2005,0,Butt,McCarl,,,,,,,,,TX,Texas A&M,Texas A&M,,,,,,,,,,,,,,,,,,,Implications of Carbon Sequestration for Landowners ,policy,
102,2005,0,Duffy,Holste,,,,,,,,,IA,Iowa State,Iowa State,,,,,,,,,,,,,,,,,,,Estimated Returns to Iowa Farmland,farmland,
118,2005,0,Epplin,Stock,Kletke,Peeper,,,,,,,OK,Oklahoma State,Oklahoma State,Oklahoma State,Oklahoma State,,,,,,,,,,,,,,,,,Cost of Conventional Tillage and No-till Continuous Wheat Production for Four Farm Sizes ,crops,
140,2005,0,Flaskerud,,,,,,,,,,ND,North Dakota State,,,,,,,,,,,,,,,,,,,,Price Risk Management Strategies for Sunflowers ,risk,
178,2005,0,Gustafson,Saxowsky,,,,,,,,,ND,North Dakota State,North Dakota State,,,,,,,,,,,,,,,,,,,Breached Bio-Security at the Farm Gate: A Minnesota Dairy Case Study of Criminal Activity ,policy,
193,2005,0,Helmers,Shaik,Johnson,,,,,,,,NE,Nebraska,Mississippi State,Nebraska,,,,,,,,,,,,,,,,,,Forecasting Agricultural Land Values in the Midwest States,farmland,
220,2005,0,Kalous,Dhuyvetter,Kastens,,,,,,,,CO,Kansas State,Kansas State,Kansas State,,,,,,,,,private sector,private sector,,,,,,,,A Case Study of a Market Advisory Service’s Performance in Marketing Hard Red Winter Wheat in Kansas ,crops,
252,2005,0,Lilywhite,Hawkes,Libbin,Herbon,,,,,,,NM,New Mexico State,New Mexico State,New Mexico State,New Mexico State,,,,,,,,,,,,,,,,,Economic Return to Adoption of Mechanical Thinning: The Case of New Mexico Chile,crops,
265,2005,0,Micheels,Barry,,,,,,,,,IL,Illinois,Illinois,,,,,,,,,,,,,,,,,,,How Midwestern Farmers Rate Risk Management Practices,risk,
314,2005,0,Prevatt,Yeager,Young,Simpson,Pepper,,,,,,AL,Auburn,Auburn,Auburn,Auburn,Auburn,,,,,,,,,,,,,,,,An Investment Analysis Of A Southern Mixed Enterprise Farm: Broilers and Silvopasture ,livestock,
330,2005,0,Ross,Barry,,,,,,,,,IL,Illinois,Illinois,,,,,,,,,,,,,,,,,,,Contract Hog Production: A Case Study of Financial Arrangements ,livestock,
338,2005,0,Sanders,Apgar,Manfredo,,,,,,,,IL,Southern Illinois,Southern Illinois,Arizona State,,,,,,,,,,,,,,,,,,Using Farm-Level Data to Improve Marketing and Planning: An Illustration with Live Hogs,marketing,
349,2005,1,Shultz,Pool,,,,,,,,,NE,Nebraska,Colorado State,,,,,,,,,,,,,,,,,,,The Impact of Combined Grass and Wetland Easements on Agricultural Land Values in South Dakota,policy,
369,2005,0,Sutton,Klein,Taylor,,,,,,,,MN,private sector,South Dakota State,South Dakota State,,,,,,,,,,,,,,,,,,"A Comparative Analysis of Soybean Production Between the United States, Brazil, and Argentina ",crops,
372,2005,0,Swenson,,,,,,,,,,WI,private sector,,,,,,,,,,,,,,,,,,,,Two Philosophies of Value,human,
1,2004,0,Adrian,Cain,Duffy,Guertal,Prevatt,,,,,,AL,Auburn,Auburn,Auburn,Auburn,Auburn,,,,,,,,,,,,,,,,Turfgrass – Sod Production: An Economic Evaluation,crops,
11,2004,0,Bagett IV,Ward,Childs,,,,,,,,OK,Oklahoma State,Oklahoma State,private sector,,,,,,,,,,,,,,,,,,Effects of Feeder Cattle Grades on Performance and Net Return ,livestock,
14,2004,0,Barnard,Boehlje,,,,,,,,,IN,Purdue,Purdue,,,,,,,,,,,,,,,,,,,Using Farm Financial Standards Council Recommendations in the Profitability Linkage Model: The ROA Dilemma,finance,
34,2004,0,Batte,,,,,,,,,,OH,Ohio State,,,,,,,,,,,,,,,,,,,,Computer Adoption and Use by Ohio Farmers,technology,
41,2004,0,Bigge,Langemeier,,,,,,,,,KS,Kansas State,Kansas State,,,,,,,,,,Purdue,,,,,,,,,Relative Profitability and Risk of Kansas Farms and S&P 500 ,risk,
72,2004,1,Cole,Janssen,Johnson,,,,,,,,SD,South Dakota State,South Dakota State,Nebraska,,,,,,,,,,,,,,,,,,Equity and Risk Associated with Share and Cash Leasing: A Nebraska and South Dakota Case Study ,risk,
80,2004,0,Davis,Gilespie,,,,,,,,,DC,USDA,Louisiana State,,,,,,,,,,,,,,,,,,,Attitudes and Characteristics of U.S. Hog Producers Under Alternative Business Arrangements,livestock,
94,2004,0,Dodson,,,,,,,,,,,private sector,,,,,,,,,,,,,,,,,,,,Farmland Ownership Transitions,farmland,
106,2004,0,Eberle,McDaniel,Beaulieu,Young,,,,,,,IL,Southern Illinois,Southern Illinois,Southern Illinois,Southern Illinois,,,,,,,,,,,,,,,,,Is Soft Red Winter Wheat Production Competitive with a Corn-Soybean Rotation? ,crops,
121,2004,0,Escalante,Barry,,,,,,,,,GA,Georgia,Illinois,,,,,,,,,,,,,,,,,,,Growth-Enhancing Capital and Operating Plans of Small and Large Grain Farms ,crops,
139,2004,0,Flaskerud,,,,,,,,,,ND,North Dakota State,,,,,,,,,,,,,,,,,,,,Thoughts on Implications of Brazilian Soybean Production on Selected States,crops,
250,2004,0,Libbin,Kohler,Hawkes,,,,,,,,NM,New Mexico State,private sector,New Mexico State,,,,,,,,,,,,,,,,,,Does Modern Portfolio Theory Apply to Agricultural Land Ownership? Concepts for Farmers and Farm Managers,farmland,
251,2004,0,Libbin,Kohler,Hawkes,,,,,,,,NM,New Mexico State,private sector,New Mexico State,,,,,,,,,,,,,,,,,,Financial and Real Estate Investments in Mixed-Asset Agricultural Portfolios,finance,
285,2004,0,Painter,,,,,,,,,,Canada,Saskatchewan,,,,,,,,,,,,,,,,,,,,The Impact of Political and Economic Culture on Farmland Values in Western Canada,farmland,
306,2004,0,Phillips,Peterson,,,,,,,,,CA,Cal Poly,Michigan State,,,,,,,,,,,,,,,,,,,Product Differentiation and Target Marketing by Agricultural Producers ,marketing,
384,2004,0,Thilmany,,,,,,,,,,CO,Colorado State,,,,,,,,,,,,,,,,,,,,Agricultural Worker Trends and Issues in the Mountain West,human,
408,2004,0,Young,Wailes,Popp,Smartt,,,,,,,AR,Arkansas,Arkansas,Arkansas,Arkansas,,,,,,,,,,,,,,,,,Value of Water Conservation Improvements on Arkansas Rice Farms ,crops,
410,2004,0,Zulauf,,,,,,,,,,OH,Ohio State,,,,,,,,,,,,,,,,,,,,Attributes of U.S. Farms by Number of Generations the Farm Has Been in a Family ,human,
33,2003,0,Batte,,,,,,,,,,OH,Ohio State,,,,,,,,,,,,,,,,,,,,Precision Farming and Land Leasing Practices,technology,
51,2003,0,Breazeale,Narayanan,Torell,,,,,,,,NV,Nevada,Nevada,Nevada,,,,,,,,,,,,,,,,,,An Economic Analysis of Occupational Benefits Among Nevada Cattle Ranch Employees,human,
73,2003,0,Conable,Miran,,,,,,,,,NY,private sector,private sector,,,,,,,,,,,,,,,,,,,2002 New York Dairy Farm Transition Survey,livestock,
120,2003,0,Escalante,Barry,,,,,,,,,GA,Georgia,UL,,,,,,,,,,,,,,,,,,,Farmland Leasing Decisions and Successful Debt Repayment Strategies,farmland,
137,2003,0,Flaskerud,Nicoletti,,,,,,,,,ND,North Dakota State,France,,,,,,,,,,,,,,,,,,,What French Farmers are Doing That May be of Interest to U.S. Farmers,human,
179,2003,0,Gustafson,,,,,,,,,,ND,North Dakota State,,,,,,,,,,,,,,,,,,,,Costs of Producing for an Identity-Preserved (IP) Grain Market: A Case Study ,marketing,
180,2003,0,Haag,Held,Krall,Delaney,Miller,Claypool,,,,,WY,Wyoming,Wyoming,Wyoming,Wyoming,Wyoming,Wyoming,,,,,,,,,,,,,,,Replacing Summer Fallow with a Summer Grazed Legume Crop in Rotation with Wheat or Wheat-Sunflower-Millet ,crops,
192,2003,0,Held,Opp,Koch,Gray,Flake,,,,,,WY,Wyoming,private sector,Wyoming,Wyoming,Wyoming,,,,,,,,,,,,,,,,Profitability of Variable versus Uniform Rate Nematicide for Sugar Beets,crops,
197,2003,1,Holstein,,,,,,,,,,SC,private sector,,,,,,,,,,,,,,,,,,,,Real Reconcilliation,farmland,
198,2003,0,Howard,Tyner,,,,,,,,,CA,Cal Poly,Cal Poly,,,,,,,,,,,,,,,,,,,What Our Students Should Know: Perspectives from California ,human,
264,2003,0,Meyer,,,,,,,,,,IL,private sector,,,,,,,,,,,,,,,,,,,,Appraising Land with Field Tile Drainage ,farmland,
311,2003,0,Popp,Keisling,Ashlock,Purcell,Counce,Annis,Manning,Gordon,,,AR,Arkansas,Arkansas,Arkansas,Arkansas,Arkansas,private sector,Arkansas,Arkansas,,,,,,,,,,,,,Innovative Production Methods on Wet Clay Soils for Rice and Soybean,crops,
317,2003,0,Rakipova,Gillespie,Franke,,,,,,,,Foreign,Private,Louisiana State,Louisiana State,,,,,,,,,,,,,,,,,,Determinants of Technical Efficiency in Louisiana Beef Cattle Production ,livestock,
360,2003,0,Stonehouse,Gao,Hamilton,Buchanan-Smith,Weersink,,,,,,Canada,Canada,Canada,Canada,Canada,Canada,,,,,,,,,,,,,,,,Improving the Competitiveness of Beef Production in the Northern Contiguous United States and Canada,livestock,
392,2003,0,Wachenheim,Saxowsky,,,,,,,,,ND,North Dakota State,North Dakota State,,,,,,,,,,,,,,,,,,,Profits and Risk: Fitting an Old Framework to a New Agriculture ,risk,
404,2003,0,Wolf,,,,,,,,,,MI,Michigan State,,,,,,,,,,,,,,,,,,,,"The Influence of Financial, Production, and Operator Characteristics on Dairy Farm Transfer Plans ",livestock,
12,2002,0,Baird,Little,,,,,,,,,TN,private sector,Mississippi State,,,,,,,,,,,,,,,,,,,Agriculture Asset Management; Sound Business Development,finance,
25,2002,0,Barry,,,,,,,,,,IL,Illinois,,,,,,,,,,,,,,,,,,,,The Cash/Share Combination in Farmland Leasing,farmland,
26,2002,0,Bastian,McLeod,Germino,Reiners,Blasko,,,,,,WY,Wyoming,Wyoming,Wyoming,Wyoming,Wyoming,,,,,,,,,,,,,,,,Exploring the Potential for Using GIS to Measure Environmental and Visual Amenities When Valuing Agricultural Lands,technology,
30,2002,0,Batte,Armholt,,,,,,,,,OH,Ohio State ,Ohio State,Ohio State,,,,,,,,,,,,,,,,,,Farmer Evaluation of Precision Farming Technologies,technology,
138,2002,0,Flaskerud,Wilson,Dabl,,,,,,,,ND,North Dakota,North Dakota,North Dakota,,,,,,,,,,,,,,,,,,Managing Canola Price Risk,risk,
174,2002,0,Guither,Brownfield,,,,,,,,,IL,Illinois,private sector,,,,,,,,,,,,,,,,,,,Communication Sins of Professional Farm Managers and Rural Appraisers ,human,
272,2002,1,Moss,Barry,,,,,,,,,OH,Ohio State ,Illinois,,,,,,,,,,,,,,,,,,,Leasing Contract Choice: Do Transaction Characteristics Matter? ,farmland,
273,2002,0,Musser,Patrick,Ullerich,,,,,,,,MD,Maryland,Purdue,Buena Vista,,,,,,,,,,,,,,,,,,Demonstrating Differences in Risk Attitudes,risk,
284,2002,0,Painter,,,,,,,,,,Canada,Saskatchewan,,,,,,,,,,,,,,,,,,,,Declining Farmland Values: The Impact of Low Earnings Growth ,farmland,
310,2002,0,Popp,Griffin,Pendergrass,,,,,,,,AR,Arkansas,Illinois,Arkansas,,,,,,,,,KSU,,,,,,,,,How Cooperation May Lead to Consensus Assessing the Realities and Perceptions of Precision Farming in Your State,technology,
329,2002,0,Ross,Barry,,,,,,,,,IL,Illinois,Illinois,,,,,,,,,,,,,,,,,,,Financing Capabilities of Network Hog Production,livestock,
386,2002,0,Torok,Taylor,Foulke,Torok,,,,,,,WY,Wyoming,Wyoming,Wyoming,Wyoming,,,,,,,,,,,,,,,,,"U.S. Bison Census, Value of Production, and Economic Impact 1997 ",livestock,
389,2002,0,Vasquez,Nelson,Hamilton,,,,,,,,ID,Idaho,Idaho,Idaho,,,,,,,,,,,,,,,,,,Regression Analysis To Determine the Effects of Land Characteristics on Farmland Values in South-Central Idaho,farmland,
397,2002,0,Wester,Thornsbury,Roka,,,,,,,,FL,Florida,Florida,Florida,,,,,,,,,,,,,,,,,,Implications of Reform in Federal Guest Worker Legislation for Farm-Level Returns ,human,
66,2001,0,Carlberg,Brown,,,,,,,,,Canada,Saskatchewan,Saskatchewan,,,,,,,,,,,,,,,,,,,An Economic Analysis of Cow-calf Retained Ownership Strategies,livestock,
79,2001,0,Daniel,Featherstone,,,,,,,,,KS,Kansas State,Kansas State,,,,,,,,,,,,,,,,,,,Assessing Agricultural Risk Among States,risk,
111,2001,0,Eenoo,Lamie,,,,,,,,,CA,private sector,Virginia Tech,,,,,,,,,,,,,,,,,,,How Use-Value Assessment Affects Real Property Tax Rates and Liabilities in Virginia ,farmland,
117,2001,0,Epplin,Krenzer,Horn,,,,,,,,OK,Oklahoma State,Oklahoma State,Oklahoma State,,,,,,,,,,,,,,,,,,Net Returns From Dual-Purpose Wheat and Grain-Only Wheat,crops,
128,2001,0,Fetsch,Bastian,Kaan,Koontz,,,,,,,CO,Colorado State,Wyoming,Colorado State,,,,,,,,,,,,,,,,,,A Two-State Comparison of Farmers' and Ranchers' Risk Management Education Needs ,risk,
164,2001,0,Grannis,Thilmany,,,,,,,,,CO,Colorado State,Colorado State,,,,,,,,,,,,,,,,,,,Marketing Opportunities for Natural Pork Products: Defining the Consumers Who Would Purchase Natural Pork,marketing,
175,2001,1,Guither,,,,,,,,,,IL,Illinois,,,,,,,,,,,,,,,,,,,,Starting A Professional Farm Management / Rural Appraisal Business Characteristics and Experiences of 29 Independent Owners,human,
230,2001,0,Lall,Norman,Langemier,,,,,,,,KS,Kansas State,Kansas State,Kansas State,,,,,,,,,,,,,,,,,,A Comparative Analysis of Productive Efficiency Among Kansas Crop Farms: Small Versus Large Farms,crops,
236,2001,0,Langemeier,Jones,,,,,,,,,KS,Kansas State,Kansas State,,,,,,,,,Purdue,OkState,,,,,,,,,Factors Impacting Downside Risk ,risk,
254,2001,0,Little,May,Simmons,Lott,,,,,,,MS,Mississippi State,Mississippi State,USDA,Mississippi State,,,,,,,,,,,,,,,,,Financial Analysis of Selected Setpoints for Broiler Houses,livestock,
261,2001,0,May,Van Tassell,Smith,Waggoner,,,,,,,KS,Kansas State ,Idaho,Wyoming,,,,,,,,,,,,,,,,,,Profitability of Establishing Basin Wildrye for Winter Grazing,livestock,
302,2001,0,Peck,,,,,,,,,,NY,private sector,,,,,,,,,,,,,,,,,,,,Dairy Farm Management and Farm Evolution,livestock,
313,2001,0,Prevatt,Marshall,Duffy,Martin,,,,,,,AL,Auburn,Arkansas,Auburn,Auburn,,,,,,,,,,,,,,,,,A Least-Cost Evaluation of Alternative Winter-Feeding Options for Cow-Calf Operations,livestock,
323,2001,0,Riggs,Breazeale,Myer,,,,,,,,NV,Nevada,Nevada,Nevada,,,,,,,,,,,,,,,,,,Measuring the Economic Impacts From Wildland Fire,policy,
335,2001,0,Salassi,,,,,,,,,,LA,Louisiana State,,,,,,,,,,,,,,,,,,,,Estimated Costs of Precision Land Grading With On-Farm Labor,human,
400,2001,0,Williams,DeLano,Aller,,,,,,,,KS,Kansas State,Kansas State,,,,,,,,,,,,,,,,,,,The Economic Impact of Higher Oil Prices on Farm Production Costs in Kansas ,finance,
52,2000,0,Breazeale,Neufeld,Myer,Davison,,,,,,,NV,Nevada,Idaho,Nevada,Nevada,,,,,,,,,,,,,,,,,Feasibility of Subsurface Drip Irrigation for Alfalfa,crops,
59,2000,0,Burgener,Feuz,,,,,,,,,NE,Nebraska,Nebraska,,,,,,,,,,,,,,,,,,,Equitable Cropshare Arrangements for Intensive Dryland Cropping Systems,farmland,
74,2000,0,Correia,,,,,,,,,,CA,private sector,,,,,,,,,,,,,,,,,,,,Lecatienal Consideration in the Valuation of Permanent Plantings,farmland,
95,2000,0,Fisher,Fisher2,Fisher3,,,,,,,,NY,private sector,private sector,private sector,,,,,,,,,,,,,,,,,,Gas Pipelines: Are They a Detriment or an Enhancement for Crops?,farmland,
105,2000,0,Dumler,"Burton, Jr.",Kastens,,,,,,,,KS,Kansas State,Kansas State,Kansas State,,,,,,,,,,Private,,,,,,,,Management Implications of Farm Tractor Depreciation Methods,machinery,
116,2000,0,Ellis,,,,,,,,,,CO,private sector,,,,,,,,,,,,,,,,,,,,Appraisals of a Geld Property: A Case Study of Reserve Additions,farmland,
124,2000,0,Evans,,,,,,,,,,IA,private sector,,,,,,,,,,,,,,,,,,,,Market Values Without Market Sales and Property Descriptions,marketing,
185,2000,0,Harman,Musick,Jones,,,,,,,,TX,Texas A&M,USDA,USDA,,,,,,,,,,,,,,,,,,"Optimizing Sorghum Irrigation for Maximum Profits with Price and Weather Uncertainty, Southern Great Plains",crops,
191,2000,0,Held,Jennings,Koch,Gray,,,,,,,WY,Wyoming,private sector,Wyoming,Wyoming,,,,,,,,,,,,,,,,,Trap Crop Radish: A Sustainable Alternative for Nematacide in Sugar Beets,crops,
223,2000,0,Kettle,Myer,,,,,,,,,NV,Nevada,Nevada,,,,,,,,,,,,,,,,,,,"Farm Land, To Buy or Net To Buy",farmland,
234,2000,0,Langemeier,Jones,,,,,,,,,KS,Kansas State,Kansas State,,,,,,,,,Purdue,OkState,,,,,,,,,Measuring the Impact off Farm Size and Specialization on Financial Performance,finance,
235,2000,0,Langemeier,Jones,,,,,,,,,KS,Kansas State,Kansas State,,,,,,,,,Purdue,OkState,,,,,,,,,Measuring the Rate of Technological Change for Cattle Finishing,livestock,
245,2000,0,LeMoyne,,,,,,,,,,ID,private sector,,,,,,,,,,,,,,,,,,,,Conservation Easement Highest & Best Use: Analysis of a Large Recreation Residential Acreage Before Easement Acquisition,policy,
253,2000,1,Limkeman,,,,,,,,,,IA,private sector,,,,,,,,,,,,,,,,,,,,Working With Clients Who Don't Know Agriculture,human,
294,2000,0,Patterson,Hanson,Robison,,,,,,,,Foreign,private sector,Michigan State,Michigan State,,,,,,,,,,,,,,,,,,Characteristics off Farmland Leasing in the Nerth Central United States,farmland,
305,2000,0,Penter,,,,,,,,,,MS,Mississippi State,,,,,,,,,,,,,,,,,,,,The FAIR Act and Beyond: Perceptions from Northeast Arkansas,policy,
332,2000,0,Salassi,Champagne,Giesler,,,,,,,,LA,Louisiana State,Louisiana State,Louisiana State,,,,,,,,,,,,,,,,,,Valuation of Perennial Crops Associated with Agricultural Land Sales: The Case of Sugarcane in Louisiana,crops,
352,2000,0,Siles,Robison,Johnson,Lynne,Beveridge,,,,,,MI,Michigan State,Michigan State,Nebraska,Nebraska,Western Illinois,,,,,,,,,,,,,,,,"Farmland Exchanges: Selection of Trading Partners, Terms of Trade, and Social Capital",farmland,
353,2000,0,Silver,,,,,,,,,,CO,private sector,,,,,,,,,,,,,,,,,,,,"There's Gold in Them Thar Hills, Or Is There?",farmland,
359,2000,0,Stevens,,,,,,,,,,MN,Minnesota,,,,,,,,,,,,,,,,,,,,Boom and Bust in the '90s: The Stery as Teld by Corn,crops,
43,1997,0,Blase,Dunlap,Van Dyne,Minor,,,,,,,,,,,,,,,,,,,,,,,,,,,,"Energy, Erosion and Economics — The Troublesome Triumvirate",policy,
90,1997,0,DeVuyst,Lins,,,,,,,,,,,,,,,,,,,,,,,,,,,,,,Challenges Influencing Expansion in the Hog Industry,livestock,
147,1997,0,Forester,Hitzhusen,,,,,,,,,,,,,,,,,,,,,,,,,,,,,,Ohio Farmers' Perceptions of Financial Losses and Benefits from Wildlife,finance,
149,1997,1,Forster,Hitzhusen,,,,,,,,,OH,Ohio State,Ohio State,,,,,,,,,retired,Ohio State,,,,,,,,,,,
153,1997,0,Frasier,Hoag,Ascough II,,,,,,,,,,,,,,,,,,,,,,,,,,,,,Computer Use in Agriculture: Opportunities for Farm Advisors,technology,
159,1997,0,Govindasamy,Italia,Liptak,,,,,,,,,,,,,,,,,,,,,,,,,,,,,Consumer Purchase Behavior: The Case of Fruits and Vegetables,marketing,
189,1997,0,Held,Feuz,Whitson,Jacobs,,,,,,,,,,,,,,,,,,,,,,,,,,,,A Sustainable Herbicide Plus Grass Establishment Approach for Land Reclamation,farmland,
216,1997,0,Johnston,Schertz,,,,,,,,,,,,,,,,,,,,,,,,,,,,,,Farm Managers Discuss Effects of the 1996 Farm Act,policy,
274,1997,0,Muzinga,Lins,Boehlje,,,,,,,,,,,,,,,,,,,,,,,,,,,,,Higher Prices and Higher Cash Rents: Are Flexible Cash Rents the Answer?,farmland,
309,1997,0,Popp,Dalsted,Skold,,,,,,,,,,CSU,,,,,,,,,,,,,,,,,,,Multiple Peril Crop Insurance: An Evaluation of Crop Insurance in Northeastern Colorado,risk,
327,1997,0,Roberts,Barry,,,,,,,,,,,,,,,,,,,,,,,,,,,,,,Risk-Return Impact of Hog Production Contracts,livestock,
375,1997,0,Tauer,,,,,,,,,,,,,,,,,,,,,,,,,,,,,,,Determining an Equitable Allocation of Farm Partnership Income,finance,
377,1997,0,Tavernier,Derr,Odelaja,Sassin,,,,,,,,,,,,,,,,,,,,,,,,,,,,Influence of Appraiser Subjectivity on Rural Land Appraisals,farmland,
380,1997,0,Taylor,Gillespie,Schupp,,,,,,,,,,,,,,,,,,,,,,,,,,,,,Costs and Returns Estimates for Ostrich Production,livestock,
383,1997,0,Thilmany,Liddell,,,,,,,,,,,,,,,,,,,,,,,,,,,,,,Organizational Issues in Agriculture: A Case Study of the Cooperative Venture Between Sunset and Sunrise Dairies,livestock,
2,1996,0,Albay,Gempesaw II,Tilmon,,,,,,,,,,,,,,,,,,,,,,,,,,,,,The Use of Kenaf as an Alternative Bedding Material in Broiler Production,livestock,
44,1996,0,Boeger,,,,,,,,,,,,,,,,,,,,,,,,,,,,,,,ASSEMBLAGE VALUATION ,farmland,
97,1996,0,Dowell,,,,,,,,,,,,,,,,,,,,,,,,,,,,,,,Establishing a Farm Real Estate Appraisal System in Russia,farmland,
114,1996,0,Ellinger,Kurtz,Klinefelter,,,,,,,,,,,,,,,,,,,,,,,,,,,,,An Assessment of Real Estate Financing Concerns and Impediments of Agricultural Producers,farmland,
129,1996,0,Feuz,Wagner,,,,,,,,,,,,,,,,,,,,,,,,,,,,,,Retained Ownership: Understanding Performance Risk and Evaluating Marketing Alternatives,marketing,
144,1996,0,Flynn,Dillon,Windham,,,,,,,,,,,,,,,,,,,,,,,,,,,,,The Effects of the Revised 1993 ASAE Equipment Coefficients on Cost Estimates,machinery,
162,1996,0,Govindasamy,Nayga,Thatch,,,,,,,,,,,,,,,,,,,,,,,,,,,,,Farmer-To-Consumer Direct Marketing Operations in New Jersey: Producer Characteristics,marketing,
182,1996,0,Hamaker,Patrick,,,,,,,,,,,,,,,,,,,,,,,,,,,,,,Farmers and Alternative Retirement Investment Strategies ,finance,
183,1996,0,Hamdar,,,,,,,,,,,,,,,,,,,,,,,,,,,,,,,An Economic Efficiency Approach to Modeling Marginal Agricultural Land Conversion,policy,
184,1996,0,Harman,Davis,"Morrison, Jr.",Potter,,,,,,,,,,,,,,,,,,,,,,,,,,,,Economics of Wide-bed Farming Systems for Vertisol (Clay) Soils: Chisel Tillage vs. No-Tillage,crops,
212,1996,0,Hayes1,Hayes2,,,,,,,,,,,,,,,,,,,,,,,,,,,,,,Price Versus Value ,marketing,
190,1996,0,Held,Fornstrom,Miller,,,,,,,,,,,,,,,,,,,,,,,,,,,,,Reducing Herbicide in Sugarbeets: How Much is Economical?,crops,
213,1996,0,Jenkins,Wade,Yohn,,,,,,,,,,,,,,,,,,,,,,,,,,,,,The Opportunity for Small Scale Aquaculture as an Alternative Farm Enterprise: An Economic Analysis of A Small-Scale Partial-Reuse Trout Production System in West Virginia,livestock,
214,1996,0,Johnson,Segarra,,,,,,,,,,,,,,,,,,,,,,,,,,,,,,The Economic Impacts of Agricultural Sustainability: An Application to Irrigated Cotton Production,crops,
217,1996,0,Johnston,,,,,,,,,,,,,,,,,,,,,,,,,,,,,,,University-Based Programs in Rural Appraisal Education ,human,
221,1996,0,Kay,Fevold,,,,,,,,,,,,,,,,,,,,,,,,,,,,,,The New Agricultural Property Management Plan Outline,farmland,
241,1996,0,Lawrence,Kakani,,,,,,,,,,,,,,,,,,,,,,,,,,,,,,Economic Analysis Of Rotational Grazing Systems For Corn Belt Beef Cow-Calf Producers,livestock,
242,1996,0,Lawrence,Obayashi,,,,,,,,,,,,,,,,,,,,,,,,,,,,,,Revitalizing Existing Hog Facilities with New Technologies: All-In/All-Out and Segregated Early Weaning,livestock,
266,1996,0,Miller,Barnard,,,,,,,,,,,,,,,,,,,,,,,,,,,,,,Preparing Reliable Farm Financial Statements: Conceptual and Procedural Issues,finance,
341,1996,1,Schoney,,,,,,,,,,Canada,Saskatchewan,,,,,,,,,,,,,,,,,,,,"A Historical Income Approach to the 1919 Valuation of Surrendered Ochapowace Lands of Saskatchewan, Canada",farmland,
378,1996,0,Tavernier,Odelaja,Hartley,,,,,,,,,,,,,,,,,,,,,,,,,,,,,Agri-tourism as an Income-based Strategy for Farm Operators,planning,
47,1995,0,Boehlje,,,,,,,,,,,,,,,,,,,,,,,,,,,,,,,Concepts of Modern Agricultural Production ,crops,
57,1995,0,Brown,Gray,Molder,,,,,,,,,,,,,,,,,,,,,,,,,,,,,A Community Based Land Trust Model for Agriculture,human,
62,1995,0,Burton,Watt,Ross,,,,,,,,KS,Kansas State,,,,,,,,,,,,,,,,,,,,Future Priorities and Agenda for Farm Management Research: Implications for Professional Farm Managers,human,
148,1995,0,Forester,Westgren,Cormier,Parent,,,,,,,,,,,,,,,,,,,,,,,,,,,,Analysis of the Market for Farm Management Advisory Services in Quebec: The Demand Side,marketing,
215,1995,0,Johnson,,,,,,,,,,,,,,,,,,,,,,,,,,,,,,,Corporate Restrictions in U.S. Production Agriculture: Economic Implications,policy,
219,1995,0,Justus,,,,,,,,,,,,,,,,,,,,,,,,,,,,,,,ASFMRA Academic Membership: Views and Ideas ,human,
280,1995,1,Oltmans,,,,,,,,,,NC,North Carolina State,,,,,,,,,,retired,,,,,,,,,,,,
23,1994,1,Barry,Gibson,,,,,,,,,IL,Illinois,,,,,,,,,,retired,,,,,,,,,,,,
46,1993,1,Boehlje,,,,,,,,,,MN,Minnesota,,,,,,,,,,,,,,,,,,,,,,
151,1992,1,Fostier,Featherstone,Schurle,Duncan,Schlender,,,,,,KS,Kansas State,Kansas State,Kansas State,Kansas State,Kansas State,,,,,,,,,,,,,,,,,,
247,1991,1,Libben,Torrell,,,,,,,,,NM,New Mexico State,New Mexico State,,,,,,,,,,,,,,,,,,,,,
103,1990,1,Duft,Willett,,,,,,,,,WA,Washington State,Washington State,,,,,,,,,,,,,,,,,,,,,
373,1989,1,Tabesh,Schroeder,Starleaf,,,,,,,,WI,Wisconsin ,Kansas State,Iowa State,,,,,,,,,,,,,,,,,,,,
218,1988,1,Justus,,,,,,,,,,KY,Kentucky,,,,,,,,,,,,,,,,,,,,,,
257,1987,1,Madsen,Gee,,,,,,,,,CO,Colorado State,,,,,,,,,,,,,,,,,,,,,,
322,1986,1,Riggins,Skees,Reed,,,,,,,,KY,Kentucky,Kentucky,Kentucky,,,,,,,,,,,,,,,,,,,,
131,1985,1,Fisher,Clapp,,,,,,,,,NY,private sector,private sector,,,,,,,,,,,,,,,,,,,,,
225,1984,1,Klemme,,,,,,,,,,WI,Wisconsin ,,,,,,,,,,,,,,,,,,,,,,
368,1983,1,Suter,,,,,,,,,,IN,Purdue,,,,,,,,,,,,,,,,,,,,,,
258,1982,1,Maley,,,,,,,,,,ID,,,,,,,,,,,,,,,,,,,,,,,
186,1981,1,Harrison,,,,,,,,,,IN,Purdue,,,,,,,,,,,,,,,,,,,,,,
45,1980,1,Boehlje,Thomas,,,,,,,,,IA,Iowa State,Minnesota,,,,,,,,,,,,,,,,,,,,,
278,1979,1,Nuchton,Gardner,,,,,,,,,CA ,,,,,,,,,,,,,,,,,,,,,,,
200,1978,1,Howell,,,,,,,,,,UT,,,,,,,,,,,,,,,,,,,,,,,
319,1977,1,Reiss,,,,,,,,,,IL,,,,,,,,,,,,,,,,,,,,,,,
283,1976,1,Paarlberg,,,,,,,,,,IN,Purdue,,,,,,,,,,,,,,,,,,,,,,
340,1975,1,Schneeberger,Briemeyer,,,,,,,,,MO,,,,,,,,,,,,,,,,,,,,,,,
